-- MySQL dump 10.13  Distrib 8.0.18, for Win64 (x86_64)
--
-- Host: localhost    Database: library
-- ------------------------------------------------------
-- Server version	8.0.18

/*!40101 SET @OLD_CHARACTER_SET_CLIENT=@@CHARACTER_SET_CLIENT */;
/*!40101 SET @OLD_CHARACTER_SET_RESULTS=@@CHARACTER_SET_RESULTS */;
/*!40101 SET @OLD_COLLATION_CONNECTION=@@COLLATION_CONNECTION */;
/*!50503 SET NAMES utf8 */;
/*!40103 SET @OLD_TIME_ZONE=@@TIME_ZONE */;
/*!40103 SET TIME_ZONE='+00:00' */;
/*!40014 SET @OLD_UNIQUE_CHECKS=@@UNIQUE_CHECKS, UNIQUE_CHECKS=0 */;
/*!40014 SET @OLD_FOREIGN_KEY_CHECKS=@@FOREIGN_KEY_CHECKS, FOREIGN_KEY_CHECKS=0 */;
/*!40101 SET @OLD_SQL_MODE=@@SQL_MODE, SQL_MODE='NO_AUTO_VALUE_ON_ZERO' */;
/*!40111 SET @OLD_SQL_NOTES=@@SQL_NOTES, SQL_NOTES=0 */;

--
-- Table structure for table `tbl_author`
--

DROP TABLE IF EXISTS `tbl_author`;
/*!40101 SET @saved_cs_client     = @@character_set_client */;
/*!50503 SET character_set_client = utf8mb4 */;
CREATE TABLE `tbl_author` (
  `authorId` int(11) NOT NULL,
  `authorName` varchar(45) NOT NULL,
  PRIMARY KEY (`authorId`)
) ENGINE=InnoDB DEFAULT CHARSET=latin1;
/*!40101 SET character_set_client = @saved_cs_client */;

--
-- Dumping data for table `tbl_author`
--

LOCK TABLES `tbl_author` WRITE;
/*!40000 ALTER TABLE `tbl_author` DISABLE KEYS */;
INSERT INTO `tbl_author` VALUES (1,'Shelby Sting'),(2,'Stephen King'),(3,'Mark Penn');
/*!40000 ALTER TABLE `tbl_author` ENABLE KEYS */;
UNLOCK TABLES;

--
-- Table structure for table `tbl_book`
--

DROP TABLE IF EXISTS `tbl_book`;
/*!40101 SET @saved_cs_client     = @@character_set_client */;
/*!50503 SET character_set_client = utf8mb4 */;
CREATE TABLE `tbl_book` (
  `bookId` int(11) NOT NULL,
  `title` varchar(45) NOT NULL,
  `pubId` int(11) DEFAULT NULL,
  PRIMARY KEY (`bookId`),
  KEY `fk_publisher` (`pubId`),
  CONSTRAINT `fk_publisher` FOREIGN KEY (`pubId`) REFERENCES `tbl_publisher` (`publisherId`) ON DELETE CASCADE ON UPDATE CASCADE
) ENGINE=InnoDB DEFAULT CHARSET=latin1;
/*!40101 SET character_set_client = @saved_cs_client */;

--
-- Dumping data for table `tbl_book`
--

LOCK TABLES `tbl_book` WRITE;
/*!40000 ALTER TABLE `tbl_book` DISABLE KEYS */;
INSERT INTO `tbl_book` VALUES (1,'The Lost Tribe',1),(2,'The Haunting',2),(3,'Micotrends',3);
/*!40000 ALTER TABLE `tbl_book` ENABLE KEYS */;
UNLOCK TABLES;

--
-- Table structure for table `tbl_book_authors`
--

DROP TABLE IF EXISTS `tbl_book_authors`;
/*!40101 SET @saved_cs_client     = @@character_set_client */;
/*!50503 SET character_set_client = utf8mb4 */;
CREATE TABLE `tbl_book_authors` (
  `bookId` int(11) NOT NULL,
  `authorId` int(11) NOT NULL,
  PRIMARY KEY (`bookId`,`authorId`),
  KEY `fk_tbl_book_authors_tbl_author1_idx` (`authorId`),
  CONSTRAINT `fk_tbl_book_authors_tbl_author1` FOREIGN KEY (`authorId`) REFERENCES `tbl_author` (`authorId`),
  CONSTRAINT `fk_tbl_book_authors_tbl_book1` FOREIGN KEY (`bookId`) REFERENCES `tbl_book` (`bookId`)
) ENGINE=InnoDB DEFAULT CHARSET=utf8mb4 COLLATE=utf8mb4_0900_ai_ci;
/*!40101 SET character_set_client = @saved_cs_client */;

--
-- Dumping data for table `tbl_book_authors`
--

LOCK TABLES `tbl_book_authors` WRITE;
/*!40000 ALTER TABLE `tbl_book_authors` DISABLE KEYS */;
INSERT INTO `tbl_book_authors` VALUES (1,1),(2,2),(3,3);
/*!40000 ALTER TABLE `tbl_book_authors` ENABLE KEYS */;
UNLOCK TABLES;

--
-- Table structure for table `tbl_book_copies`
--

DROP TABLE IF EXISTS `tbl_book_copies`;
/*!40101 SET @saved_cs_client     = @@character_set_client */;
/*!50503 SET character_set_client = utf8mb4 */;
CREATE TABLE `tbl_book_copies` (
  `bookId` int(11) NOT NULL,
  `branchId` int(11) NOT NULL,
  `noOfCopies` int(11) DEFAULT NULL,
  PRIMARY KEY (`bookId`,`branchId`),
  KEY `fk_bc_book` (`bookId`),
  KEY `fk_bc_branch` (`branchId`),
  CONSTRAINT `fk_bc_book` FOREIGN KEY (`bookId`) REFERENCES `tbl_book` (`bookId`) ON DELETE CASCADE ON UPDATE CASCADE,
  CONSTRAINT `fk_bc_branch` FOREIGN KEY (`branchId`) REFERENCES `tbl_library_branch` (`branchId`) ON DELETE CASCADE ON UPDATE CASCADE
) ENGINE=InnoDB DEFAULT CHARSET=latin1;
/*!40101 SET character_set_client = @saved_cs_client */;

--
-- Dumping data for table `tbl_book_copies`
--

LOCK TABLES `tbl_book_copies` WRITE;
/*!40000 ALTER TABLE `tbl_book_copies` DISABLE KEYS */;
INSERT INTO `tbl_book_copies` VALUES (1,1,20),(1,2,25),(1,3,2),(2,1,1),(2,2,39),(2,3,1),(3,1,2),(3,2,1),(3,3,11);
/*!40000 ALTER TABLE `tbl_book_copies` ENABLE KEYS */;
UNLOCK TABLES;

--
-- Table structure for table `tbl_book_genres`
--

DROP TABLE IF EXISTS `tbl_book_genres`;
/*!40101 SET @saved_cs_client     = @@character_set_client */;
/*!50503 SET character_set_client = utf8mb4 */;
CREATE TABLE `tbl_book_genres` (
  `genre_id` int(11) NOT NULL,
  `bookId` int(11) NOT NULL,
  PRIMARY KEY (`genre_id`,`bookId`),
  KEY `fk_tbl_book_genres_tbl_book1_idx` (`bookId`),
  CONSTRAINT `fk_tbl_book_genres_tbl_book1` FOREIGN KEY (`bookId`) REFERENCES `tbl_book` (`bookId`),
  CONSTRAINT `fk_tbl_book_genres_tbl_genre1` FOREIGN KEY (`genre_id`) REFERENCES `tbl_genre` (`genre_id`)
) ENGINE=InnoDB DEFAULT CHARSET=utf8mb4 COLLATE=utf8mb4_0900_ai_ci;
/*!40101 SET character_set_client = @saved_cs_client */;

--
-- Dumping data for table `tbl_book_genres`
--

LOCK TABLES `tbl_book_genres` WRITE;
/*!40000 ALTER TABLE `tbl_book_genres` DISABLE KEYS */;
/*!40000 ALTER TABLE `tbl_book_genres` ENABLE KEYS */;
UNLOCK TABLES;

--
-- Table structure for table `tbl_book_loans`
--

DROP TABLE IF EXISTS `tbl_book_loans`;
/*!40101 SET @saved_cs_client     = @@character_set_client */;
/*!50503 SET character_set_client = utf8mb4 */;
CREATE TABLE `tbl_book_loans` (
  `bookId` int(11) NOT NULL,
  `branchId` int(11) NOT NULL,
  `cardNo` int(11) NOT NULL,
  `dateOut` datetime NOT NULL,
  `dueDate` datetime DEFAULT NULL,
  `loanId` int(11) NOT NULL AUTO_INCREMENT,
  PRIMARY KEY (`loanId`),
  KEY `fk_bl_book` (`bookId`),
  KEY `fk_bl_branch` (`branchId`),
  KEY `fk_bl_borrower` (`cardNo`),
  CONSTRAINT `fk_bl_book` FOREIGN KEY (`bookId`) REFERENCES `tbl_book` (`bookId`) ON DELETE CASCADE ON UPDATE CASCADE,
  CONSTRAINT `fk_bl_borrower` FOREIGN KEY (`cardNo`) REFERENCES `tbl_borrower` (`cardNo`) ON DELETE CASCADE ON UPDATE CASCADE,
  CONSTRAINT `fk_bl_branch` FOREIGN KEY (`branchId`) REFERENCES `tbl_library_branch` (`branchId`) ON DELETE CASCADE ON UPDATE CASCADE
) ENGINE=InnoDB AUTO_INCREMENT=11 DEFAULT CHARSET=latin1;
/*!40101 SET character_set_client = @saved_cs_client */;

--
-- Dumping data for table `tbl_book_loans`
--

LOCK TABLES `tbl_book_loans` WRITE;
/*!40000 ALTER TABLE `tbl_book_loans` DISABLE KEYS */;
INSERT INTO `tbl_book_loans` VALUES (1,1,1,'2019-12-22 14:45:17','2020-02-06 00:00:00',5),(1,1,2,'2019-12-22 14:53:41','2019-12-22 14:53:41',7),(2,3,1,'2019-12-22 15:00:38','2020-01-20 00:00:00',8);
/*!40000 ALTER TABLE `tbl_book_loans` ENABLE KEYS */;
UNLOCK TABLES;

--
-- Table structure for table `tbl_borrower`
--

DROP TABLE IF EXISTS `tbl_borrower`;
/*!40101 SET @saved_cs_client     = @@character_set_client */;
/*!50503 SET character_set_client = utf8mb4 */;
CREATE TABLE `tbl_borrower` (
  `cardNo` int(11) NOT NULL,
  `name` varchar(45) DEFAULT NULL,
  `address` varchar(45) DEFAULT NULL,
  `phone` varchar(45) DEFAULT NULL,
  PRIMARY KEY (`cardNo`)
) ENGINE=InnoDB DEFAULT CHARSET=latin1;
/*!40101 SET character_set_client = @saved_cs_client */;

--
-- Dumping data for table `tbl_borrower`
--

LOCK TABLES `tbl_borrower` WRITE;
/*!40000 ALTER TABLE `tbl_borrower` DISABLE KEYS */;
INSERT INTO `tbl_borrower` VALUES (1,'May','44','213'),(2,'John','405','100'),(3,'Joe','406','101'),(4,'Matt','4630','218');
/*!40000 ALTER TABLE `tbl_borrower` ENABLE KEYS */;
UNLOCK TABLES;

--
-- Table structure for table `tbl_genre`
--

DROP TABLE IF EXISTS `tbl_genre`;
/*!40101 SET @saved_cs_client     = @@character_set_client */;
/*!50503 SET character_set_client = utf8mb4 */;
CREATE TABLE `tbl_genre` (
  `genre_id` int(11) NOT NULL,
  `genre_name` varchar(45) DEFAULT NULL,
  PRIMARY KEY (`genre_id`)
) ENGINE=InnoDB DEFAULT CHARSET=utf8mb4 COLLATE=utf8mb4_0900_ai_ci;
/*!40101 SET character_set_client = @saved_cs_client */;

--
-- Dumping data for table `tbl_genre`
--

LOCK TABLES `tbl_genre` WRITE;
/*!40000 ALTER TABLE `tbl_genre` DISABLE KEYS */;
/*!40000 ALTER TABLE `tbl_genre` ENABLE KEYS */;
UNLOCK TABLES;

--
-- Table structure for table `tbl_library_branch`
--

DROP TABLE IF EXISTS `tbl_library_branch`;
/*!40101 SET @saved_cs_client     = @@character_set_client */;
/*!50503 SET character_set_client = utf8mb4 */;
CREATE TABLE `tbl_library_branch` (
  `branchId` int(11) NOT NULL,
  `branchName` varchar(45) DEFAULT NULL,
  `branchAddress` varchar(45) DEFAULT NULL,
  PRIMARY KEY (`branchId`)
) ENGINE=InnoDB DEFAULT CHARSET=latin1;
/*!40101 SET character_set_client = @saved_cs_client */;

--
-- Dumping data for table `tbl_library_branch`
--

LOCK TABLES `tbl_library_branch` WRITE;
/*!40000 ALTER TABLE `tbl_library_branch` DISABLE KEYS */;
INSERT INTO `tbl_library_branch` VALUES (1,'University Library','Boston'),(2,'State Library','New York'),(3,'Washington Library','1600 Penn');
/*!40000 ALTER TABLE `tbl_library_branch` ENABLE KEYS */;
UNLOCK TABLES;

--
-- Table structure for table `tbl_publisher`
--

DROP TABLE IF EXISTS `tbl_publisher`;
/*!40101 SET @saved_cs_client     = @@character_set_client */;
/*!50503 SET character_set_client = utf8mb4 */;
CREATE TABLE `tbl_publisher` (
  `publisherId` int(11) NOT NULL,
  `publisherName` varchar(45) NOT NULL,
  `publisherAddress` varchar(45) DEFAULT NULL,
  `publisherPhone` varchar(45) DEFAULT NULL,
  PRIMARY KEY (`publisherId`)
) ENGINE=InnoDB DEFAULT CHARSET=latin1;
/*!40101 SET character_set_client = @saved_cs_client */;

--
-- Dumping data for table `tbl_publisher`
--

LOCK TABLES `tbl_publisher` WRITE;
/*!40000 ALTER TABLE `tbl_publisher` DISABLE KEYS */;
INSERT INTO `tbl_publisher` VALUES (1,'Penguin','444 Lane','878'),(2,'Collins','645 True','147'),(3,'Harper','441 re','369');
/*!40000 ALTER TABLE `tbl_publisher` ENABLE KEYS */;
UNLOCK TABLES;

--
-- Dumping routines for database 'library'
--
/*!50003 DROP PROCEDURE IF EXISTS `adminAddBorr` */;
/*!50003 SET @saved_cs_client      = @@character_set_client */ ;
/*!50003 SET @saved_cs_results     = @@character_set_results */ ;
/*!50003 SET @saved_col_connection = @@collation_connection */ ;
/*!50003 SET character_set_client  = utf8mb4 */ ;
/*!50003 SET character_set_results = utf8mb4 */ ;
/*!50003 SET collation_connection  = utf8mb4_0900_ai_ci */ ;
/*!50003 SET @saved_sql_mode       = @@sql_mode */ ;
/*!50003 SET sql_mode              = 'STRICT_TRANS_TABLES,NO_ENGINE_SUBSTITUTION' */ ;
DELIMITER ;;
CREATE DEFINER=`root`@`localhost` PROCEDURE `adminAddBorr`(IN bwName VARCHAR(255), bwAddress VARCHAR(255), bwPhone INT)
BEGIN
INSERT INTO tbl_borrower
VALUES ((SELECT MAX(cardNo) FROM (SELECT * FROM tbl_borrower) AS sub) +1, bwName, bwAddress, bwPhone);
END ;;
DELIMITER ;
/*!50003 SET sql_mode              = @saved_sql_mode */ ;
/*!50003 SET character_set_client  = @saved_cs_client */ ;
/*!50003 SET character_set_results = @saved_cs_results */ ;
/*!50003 SET collation_connection  = @saved_col_connection */ ;
/*!50003 DROP PROCEDURE IF EXISTS `adminAddBr` */;
/*!50003 SET @saved_cs_client      = @@character_set_client */ ;
/*!50003 SET @saved_cs_results     = @@character_set_results */ ;
/*!50003 SET @saved_col_connection = @@collation_connection */ ;
/*!50003 SET character_set_client  = utf8mb4 */ ;
/*!50003 SET character_set_results = utf8mb4 */ ;
/*!50003 SET collation_connection  = utf8mb4_0900_ai_ci */ ;
/*!50003 SET @saved_sql_mode       = @@sql_mode */ ;
/*!50003 SET sql_mode              = 'STRICT_TRANS_TABLES,NO_ENGINE_SUBSTITUTION' */ ;
DELIMITER ;;
CREATE DEFINER=`root`@`localhost` PROCEDURE `adminAddBr`(IN brName VARCHAR(255), brAddress VARCHAR(255))
BEGIN
INSERT INTO tbl_library_branch
VALUES ((SELECT MAX(branchId) FROM (SELECT * FROM tbl_library_branch) AS sub) +1, brName, brAddress);
END ;;
DELIMITER ;
/*!50003 SET sql_mode              = @saved_sql_mode */ ;
/*!50003 SET character_set_client  = @saved_cs_client */ ;
/*!50003 SET character_set_results = @saved_cs_results */ ;
/*!50003 SET collation_connection  = @saved_col_connection */ ;
/*!50003 DROP PROCEDURE IF EXISTS `adminAddNewBA` */;
/*!50003 SET @saved_cs_client      = @@character_set_client */ ;
/*!50003 SET @saved_cs_results     = @@character_set_results */ ;
/*!50003 SET @saved_col_connection = @@collation_connection */ ;
/*!50003 SET character_set_client  = utf8mb4 */ ;
/*!50003 SET character_set_results = utf8mb4 */ ;
/*!50003 SET collation_connection  = utf8mb4_0900_ai_ci */ ;
/*!50003 SET @saved_sql_mode       = @@sql_mode */ ;
/*!50003 SET sql_mode              = 'STRICT_TRANS_TABLES,NO_ENGINE_SUBSTITUTION' */ ;
DELIMITER ;;
CREATE DEFINER=`root`@`localhost` PROCEDURE `adminAddNewBA`(IN bName VARCHAR(255), aName VARCHAR(255), pId INT)
BEGIN
INSERT INTO tbl_book 
VALUES ((SELECT MAX(bookId) FROM (SELECT * FROM tbl_book) AS sub) +1, bName, pId);
INSERT INTO tbl_author 
VALUES ((SELECT MAX(authorId) FROM (SELECT * FROM tbl_author) AS subs) +1, aName);
INSERT INTO tbl_book_authors 
VALUES ((SELECT MAX(bookId) FROM (SELECT * FROM tbl_book) AS sub), (SELECT MAX(authorId) FROM (SELECT * FROM tbl_author) AS subs));

END ;;
DELIMITER ;
/*!50003 SET sql_mode              = @saved_sql_mode */ ;
/*!50003 SET character_set_client  = @saved_cs_client */ ;
/*!50003 SET character_set_results = @saved_cs_results */ ;
/*!50003 SET collation_connection  = @saved_col_connection */ ;
/*!50003 DROP PROCEDURE IF EXISTS `adminAddNewBookOldAuth` */;
/*!50003 SET @saved_cs_client      = @@character_set_client */ ;
/*!50003 SET @saved_cs_results     = @@character_set_results */ ;
/*!50003 SET @saved_col_connection = @@collation_connection */ ;
/*!50003 SET character_set_client  = utf8mb4 */ ;
/*!50003 SET character_set_results = utf8mb4 */ ;
/*!50003 SET collation_connection  = utf8mb4_0900_ai_ci */ ;
/*!50003 SET @saved_sql_mode       = @@sql_mode */ ;
/*!50003 SET sql_mode              = 'STRICT_TRANS_TABLES,NO_ENGINE_SUBSTITUTION' */ ;
DELIMITER ;;
CREATE DEFINER=`root`@`localhost` PROCEDURE `adminAddNewBookOldAuth`(IN bName VARCHAR(255), pId INT, aId INT)
BEGIN
INSERT INTO tbl_book 
VALUES ((SELECT MAX(bookId) FROM (SELECT * FROM tbl_book) AS sub) +1, bName, pId);
INSERT INTO tbl_book_authors 
VALUES ((SELECT MAX(bookId) FROM (SELECT * FROM tbl_book) AS sub), aId);
END ;;
DELIMITER ;
/*!50003 SET sql_mode              = @saved_sql_mode */ ;
/*!50003 SET character_set_client  = @saved_cs_client */ ;
/*!50003 SET character_set_results = @saved_cs_results */ ;
/*!50003 SET collation_connection  = @saved_col_connection */ ;
/*!50003 DROP PROCEDURE IF EXISTS `adminAddPub` */;
/*!50003 SET @saved_cs_client      = @@character_set_client */ ;
/*!50003 SET @saved_cs_results     = @@character_set_results */ ;
/*!50003 SET @saved_col_connection = @@collation_connection */ ;
/*!50003 SET character_set_client  = utf8mb4 */ ;
/*!50003 SET character_set_results = utf8mb4 */ ;
/*!50003 SET collation_connection  = utf8mb4_0900_ai_ci */ ;
/*!50003 SET @saved_sql_mode       = @@sql_mode */ ;
/*!50003 SET sql_mode              = 'STRICT_TRANS_TABLES,NO_ENGINE_SUBSTITUTION' */ ;
DELIMITER ;;
CREATE DEFINER=`root`@`localhost` PROCEDURE `adminAddPub`(IN pName VARCHAR(255), pAddress VARCHAR(255), pPhone INT)
BEGIN
INSERT INTO tbl_publisher 
VALUES ((SELECT MAX(publisherId) FROM (SELECT * FROM tbl_publisher) AS sub) +1 , pName, pAddress, pPhone);
END ;;
DELIMITER ;
/*!50003 SET sql_mode              = @saved_sql_mode */ ;
/*!50003 SET character_set_client  = @saved_cs_client */ ;
/*!50003 SET character_set_results = @saved_cs_results */ ;
/*!50003 SET collation_connection  = @saved_col_connection */ ;
/*!50003 DROP PROCEDURE IF EXISTS `adminDeleteBa` */;
/*!50003 SET @saved_cs_client      = @@character_set_client */ ;
/*!50003 SET @saved_cs_results     = @@character_set_results */ ;
/*!50003 SET @saved_col_connection = @@collation_connection */ ;
/*!50003 SET character_set_client  = utf8mb4 */ ;
/*!50003 SET character_set_results = utf8mb4 */ ;
/*!50003 SET collation_connection  = utf8mb4_0900_ai_ci */ ;
/*!50003 SET @saved_sql_mode       = @@sql_mode */ ;
/*!50003 SET sql_mode              = 'STRICT_TRANS_TABLES,NO_ENGINE_SUBSTITUTION' */ ;
DELIMITER ;;
CREATE DEFINER=`root`@`localhost` PROCEDURE `adminDeleteBa`(IN bId INT, aId INT)
BEGIN
DELETE FROM tbl_book_authors ba
WHERE ba.bookId = bId AND ba.authorId = aId;
DELETE FROM tbl_book b
WHERE b.bookId = bId;
DELETE FROM tbl_author a
WHERE a.authorId = aId;
END ;;
DELIMITER ;
/*!50003 SET sql_mode              = @saved_sql_mode */ ;
/*!50003 SET character_set_client  = @saved_cs_client */ ;
/*!50003 SET character_set_results = @saved_cs_results */ ;
/*!50003 SET collation_connection  = @saved_col_connection */ ;
/*!50003 DROP PROCEDURE IF EXISTS `adminDeleteBorr` */;
/*!50003 SET @saved_cs_client      = @@character_set_client */ ;
/*!50003 SET @saved_cs_results     = @@character_set_results */ ;
/*!50003 SET @saved_col_connection = @@collation_connection */ ;
/*!50003 SET character_set_client  = utf8mb4 */ ;
/*!50003 SET character_set_results = utf8mb4 */ ;
/*!50003 SET collation_connection  = utf8mb4_0900_ai_ci */ ;
/*!50003 SET @saved_sql_mode       = @@sql_mode */ ;
/*!50003 SET sql_mode              = 'STRICT_TRANS_TABLES,NO_ENGINE_SUBSTITUTION' */ ;
DELIMITER ;;
CREATE DEFINER=`root`@`localhost` PROCEDURE `adminDeleteBorr`(IN cNo INT)
BEGIN
DELETE FROM tbl_borrower b
WHERE b.cardNo = cNo;
END ;;
DELIMITER ;
/*!50003 SET sql_mode              = @saved_sql_mode */ ;
/*!50003 SET character_set_client  = @saved_cs_client */ ;
/*!50003 SET character_set_results = @saved_cs_results */ ;
/*!50003 SET collation_connection  = @saved_col_connection */ ;
/*!50003 DROP PROCEDURE IF EXISTS `adminDeleteBr` */;
/*!50003 SET @saved_cs_client      = @@character_set_client */ ;
/*!50003 SET @saved_cs_results     = @@character_set_results */ ;
/*!50003 SET @saved_col_connection = @@collation_connection */ ;
/*!50003 SET character_set_client  = utf8mb4 */ ;
/*!50003 SET character_set_results = utf8mb4 */ ;
/*!50003 SET collation_connection  = utf8mb4_0900_ai_ci */ ;
/*!50003 SET @saved_sql_mode       = @@sql_mode */ ;
/*!50003 SET sql_mode              = 'STRICT_TRANS_TABLES,NO_ENGINE_SUBSTITUTION' */ ;
DELIMITER ;;
CREATE DEFINER=`root`@`localhost` PROCEDURE `adminDeleteBr`(IN brId INT)
BEGIN
DELETE FROM tbl_library_branch lb
WHERE lb.branchId = brId;

END ;;
DELIMITER ;
/*!50003 SET sql_mode              = @saved_sql_mode */ ;
/*!50003 SET character_set_client  = @saved_cs_client */ ;
/*!50003 SET character_set_results = @saved_cs_results */ ;
/*!50003 SET collation_connection  = @saved_col_connection */ ;
/*!50003 DROP PROCEDURE IF EXISTS `adminDeletePub` */;
/*!50003 SET @saved_cs_client      = @@character_set_client */ ;
/*!50003 SET @saved_cs_results     = @@character_set_results */ ;
/*!50003 SET @saved_col_connection = @@collation_connection */ ;
/*!50003 SET character_set_client  = utf8mb4 */ ;
/*!50003 SET character_set_results = utf8mb4 */ ;
/*!50003 SET collation_connection  = utf8mb4_0900_ai_ci */ ;
/*!50003 SET @saved_sql_mode       = @@sql_mode */ ;
/*!50003 SET sql_mode              = 'STRICT_TRANS_TABLES,NO_ENGINE_SUBSTITUTION' */ ;
DELIMITER ;;
CREATE DEFINER=`root`@`localhost` PROCEDURE `adminDeletePub`(IN pId INT)
BEGIN
DELETE FROM tbl_publisher p
WHERE p.publisherId = pId;
END ;;
DELIMITER ;
/*!50003 SET sql_mode              = @saved_sql_mode */ ;
/*!50003 SET character_set_client  = @saved_cs_client */ ;
/*!50003 SET character_set_results = @saved_cs_results */ ;
/*!50003 SET collation_connection  = @saved_col_connection */ ;
/*!50003 DROP PROCEDURE IF EXISTS `adminUpdateBa` */;
/*!50003 SET @saved_cs_client      = @@character_set_client */ ;
/*!50003 SET @saved_cs_results     = @@character_set_results */ ;
/*!50003 SET @saved_col_connection = @@collation_connection */ ;
/*!50003 SET character_set_client  = utf8mb4 */ ;
/*!50003 SET character_set_results = utf8mb4 */ ;
/*!50003 SET collation_connection  = utf8mb4_0900_ai_ci */ ;
/*!50003 SET @saved_sql_mode       = @@sql_mode */ ;
/*!50003 SET sql_mode              = 'STRICT_TRANS_TABLES,NO_ENGINE_SUBSTITUTION' */ ;
DELIMITER ;;
CREATE DEFINER=`root`@`localhost` PROCEDURE `adminUpdateBa`(IN bId INT, aId INT, pId INT, aName VARCHAR(255), bName VARCHAR(255))
BEGIN
UPDATE tbl_book b
SET b.title = bName, b.pubId = pId
WHERE b.bookId = bId;
UPDATE tbl_author a
SET a.authorName = aName
WHERE a.authorId = aId;

END ;;
DELIMITER ;
/*!50003 SET sql_mode              = @saved_sql_mode */ ;
/*!50003 SET character_set_client  = @saved_cs_client */ ;
/*!50003 SET character_set_results = @saved_cs_results */ ;
/*!50003 SET collation_connection  = @saved_col_connection */ ;
/*!50003 DROP PROCEDURE IF EXISTS `adminUpdateBorr` */;
/*!50003 SET @saved_cs_client      = @@character_set_client */ ;
/*!50003 SET @saved_cs_results     = @@character_set_results */ ;
/*!50003 SET @saved_col_connection = @@collation_connection */ ;
/*!50003 SET character_set_client  = utf8mb4 */ ;
/*!50003 SET character_set_results = utf8mb4 */ ;
/*!50003 SET collation_connection  = utf8mb4_0900_ai_ci */ ;
/*!50003 SET @saved_sql_mode       = @@sql_mode */ ;
/*!50003 SET sql_mode              = 'STRICT_TRANS_TABLES,NO_ENGINE_SUBSTITUTION' */ ;
DELIMITER ;;
CREATE DEFINER=`root`@`localhost` PROCEDURE `adminUpdateBorr`(IN cNo INT, bwName VARCHAR(255), bwAddress VARCHAR(255), bwPhone INT)
BEGIN
UPDATE tbl_borrower b
SET b.name = bwName, b.address = bwAddress, b.phone = bwPhone
WHERE b.cardNo = cNo;

END ;;
DELIMITER ;
/*!50003 SET sql_mode              = @saved_sql_mode */ ;
/*!50003 SET character_set_client  = @saved_cs_client */ ;
/*!50003 SET character_set_results = @saved_cs_results */ ;
/*!50003 SET collation_connection  = @saved_col_connection */ ;
/*!50003 DROP PROCEDURE IF EXISTS `adminUpdateBr` */;
/*!50003 SET @saved_cs_client      = @@character_set_client */ ;
/*!50003 SET @saved_cs_results     = @@character_set_results */ ;
/*!50003 SET @saved_col_connection = @@collation_connection */ ;
/*!50003 SET character_set_client  = utf8mb4 */ ;
/*!50003 SET character_set_results = utf8mb4 */ ;
/*!50003 SET collation_connection  = utf8mb4_0900_ai_ci */ ;
/*!50003 SET @saved_sql_mode       = @@sql_mode */ ;
/*!50003 SET sql_mode              = 'STRICT_TRANS_TABLES,NO_ENGINE_SUBSTITUTION' */ ;
DELIMITER ;;
CREATE DEFINER=`root`@`localhost` PROCEDURE `adminUpdateBr`(IN brId INT, brName VARCHAR(255), brAddress VARCHAR(255))
BEGIN
UPDATE tbl_library_branch lb
SET lb.branchName = brName, lb.branchAddress = brAddress
WHERE lb.branchId = brId;
END ;;
DELIMITER ;
/*!50003 SET sql_mode              = @saved_sql_mode */ ;
/*!50003 SET character_set_client  = @saved_cs_client */ ;
/*!50003 SET character_set_results = @saved_cs_results */ ;
/*!50003 SET collation_connection  = @saved_col_connection */ ;
/*!50003 DROP PROCEDURE IF EXISTS `adminUpdatePub` */;
/*!50003 SET @saved_cs_client      = @@character_set_client */ ;
/*!50003 SET @saved_cs_results     = @@character_set_results */ ;
/*!50003 SET @saved_col_connection = @@collation_connection */ ;
/*!50003 SET character_set_client  = utf8mb4 */ ;
/*!50003 SET character_set_results = utf8mb4 */ ;
/*!50003 SET collation_connection  = utf8mb4_0900_ai_ci */ ;
/*!50003 SET @saved_sql_mode       = @@sql_mode */ ;
/*!50003 SET sql_mode              = 'STRICT_TRANS_TABLES,NO_ENGINE_SUBSTITUTION' */ ;
DELIMITER ;;
CREATE DEFINER=`root`@`localhost` PROCEDURE `adminUpdatePub`(IN pId INT, pName VARCHAR(255), pAddress VARCHAR(255), pPhone INT)
BEGIN
UPDATE tbl_publisher p
SET p.publisherName = pName, p.publisherAddress = pAddress, p.publisherPhone = pPhone
WHERE p.publisherId = pId;
END ;;
DELIMITER ;
/*!50003 SET sql_mode              = @saved_sql_mode */ ;
/*!50003 SET character_set_client  = @saved_cs_client */ ;
/*!50003 SET character_set_results = @saved_cs_results */ ;
/*!50003 SET collation_connection  = @saved_col_connection */ ;
/*!50003 DROP PROCEDURE IF EXISTS `checkOutBook` */;
/*!50003 SET @saved_cs_client      = @@character_set_client */ ;
/*!50003 SET @saved_cs_results     = @@character_set_results */ ;
/*!50003 SET @saved_col_connection = @@collation_connection */ ;
/*!50003 SET character_set_client  = utf8mb4 */ ;
/*!50003 SET character_set_results = utf8mb4 */ ;
/*!50003 SET collation_connection  = utf8mb4_0900_ai_ci */ ;
/*!50003 SET @saved_sql_mode       = @@sql_mode */ ;
/*!50003 SET sql_mode              = 'STRICT_TRANS_TABLES,NO_ENGINE_SUBSTITUTION' */ ;
DELIMITER ;;
CREATE DEFINER=`root`@`localhost` PROCEDURE `checkOutBook`(IN bId INT, brId INT, cNo INT)
BEGIN
INSERT INTO tbl_book_loans (bookId, branchId, cardNo, dateOut, dueDate)
VALUES (bId, brId, cNo, NOW(),(DATE_ADD((NOW()), INTERVAL +7 DAY)));
UPDATE tbl_book_copies
SET noOfCopies = noOfCopies - 1
WHERE bookId = bId
AND branchId = brId;
END ;;
DELIMITER ;
/*!50003 SET sql_mode              = @saved_sql_mode */ ;
/*!50003 SET character_set_client  = @saved_cs_client */ ;
/*!50003 SET character_set_results = @saved_cs_results */ ;
/*!50003 SET collation_connection  = @saved_col_connection */ ;
/*!50003 DROP PROCEDURE IF EXISTS `getAllAuthors` */;
/*!50003 SET @saved_cs_client      = @@character_set_client */ ;
/*!50003 SET @saved_cs_results     = @@character_set_results */ ;
/*!50003 SET @saved_col_connection = @@collation_connection */ ;
/*!50003 SET character_set_client  = utf8mb4 */ ;
/*!50003 SET character_set_results = utf8mb4 */ ;
/*!50003 SET collation_connection  = utf8mb4_0900_ai_ci */ ;
/*!50003 SET @saved_sql_mode       = @@sql_mode */ ;
/*!50003 SET sql_mode              = 'STRICT_TRANS_TABLES,NO_ENGINE_SUBSTITUTION' */ ;
DELIMITER ;;
CREATE DEFINER=`root`@`localhost` PROCEDURE `getAllAuthors`()
BEGIN
SELECT A.authorName
FROM tbl_author A, tbl_book_authors BA
GROUP BY A.authorName;

END ;;
DELIMITER ;
/*!50003 SET sql_mode              = @saved_sql_mode */ ;
/*!50003 SET character_set_client  = @saved_cs_client */ ;
/*!50003 SET character_set_results = @saved_cs_results */ ;
/*!50003 SET collation_connection  = @saved_col_connection */ ;
/*!50003 DROP PROCEDURE IF EXISTS `getAllBooks` */;
/*!50003 SET @saved_cs_client      = @@character_set_client */ ;
/*!50003 SET @saved_cs_results     = @@character_set_results */ ;
/*!50003 SET @saved_col_connection = @@collation_connection */ ;
/*!50003 SET character_set_client  = utf8mb4 */ ;
/*!50003 SET character_set_results = utf8mb4 */ ;
/*!50003 SET collation_connection  = utf8mb4_0900_ai_ci */ ;
/*!50003 SET @saved_sql_mode       = @@sql_mode */ ;
/*!50003 SET sql_mode              = 'STRICT_TRANS_TABLES,NO_ENGINE_SUBSTITUTION' */ ;
DELIMITER ;;
CREATE DEFINER=`root`@`localhost` PROCEDURE `getAllBooks`()
BEGIN
SELECT B.title, A.authorName
FROM tbl_book B, tbl_author A, tbl_book_authors BA
WHERE B.bookId=BA.bookId and A.authorId=BA.authorId
GROUP BY B.title;
END ;;
DELIMITER ;
/*!50003 SET sql_mode              = @saved_sql_mode */ ;
/*!50003 SET character_set_client  = @saved_cs_client */ ;
/*!50003 SET character_set_results = @saved_cs_results */ ;
/*!50003 SET collation_connection  = @saved_col_connection */ ;
/*!50003 DROP PROCEDURE IF EXISTS `getAllPubs` */;
/*!50003 SET @saved_cs_client      = @@character_set_client */ ;
/*!50003 SET @saved_cs_results     = @@character_set_results */ ;
/*!50003 SET @saved_col_connection = @@collation_connection */ ;
/*!50003 SET character_set_client  = utf8mb4 */ ;
/*!50003 SET character_set_results = utf8mb4 */ ;
/*!50003 SET collation_connection  = utf8mb4_0900_ai_ci */ ;
/*!50003 SET @saved_sql_mode       = @@sql_mode */ ;
/*!50003 SET sql_mode              = 'STRICT_TRANS_TABLES,NO_ENGINE_SUBSTITUTION' */ ;
DELIMITER ;;
CREATE DEFINER=`root`@`localhost` PROCEDURE `getAllPubs`()
BEGIN
SELECT publisherName FROM tbl_publisher
GROUP BY publisherName;
END ;;
DELIMITER ;
/*!50003 SET sql_mode              = @saved_sql_mode */ ;
/*!50003 SET character_set_client  = @saved_cs_client */ ;
/*!50003 SET character_set_results = @saved_cs_results */ ;
/*!50003 SET collation_connection  = @saved_col_connection */ ;
/*!50003 DROP PROCEDURE IF EXISTS `getAuthorId` */;
/*!50003 SET @saved_cs_client      = @@character_set_client */ ;
/*!50003 SET @saved_cs_results     = @@character_set_results */ ;
/*!50003 SET @saved_col_connection = @@collation_connection */ ;
/*!50003 SET character_set_client  = utf8mb4 */ ;
/*!50003 SET character_set_results = utf8mb4 */ ;
/*!50003 SET collation_connection  = utf8mb4_0900_ai_ci */ ;
/*!50003 SET @saved_sql_mode       = @@sql_mode */ ;
/*!50003 SET sql_mode              = 'STRICT_TRANS_TABLES,NO_ENGINE_SUBSTITUTION' */ ;
DELIMITER ;;
CREATE DEFINER=`root`@`localhost` PROCEDURE `getAuthorId`(IN aName VARCHAR(255))
BEGIN
SELECT authorId FROM tbl_author
WHERE authorName = aName;
END ;;
DELIMITER ;
/*!50003 SET sql_mode              = @saved_sql_mode */ ;
/*!50003 SET character_set_client  = @saved_cs_client */ ;
/*!50003 SET character_set_results = @saved_cs_results */ ;
/*!50003 SET collation_connection  = @saved_col_connection */ ;
/*!50003 DROP PROCEDURE IF EXISTS `getBookID` */;
/*!50003 SET @saved_cs_client      = @@character_set_client */ ;
/*!50003 SET @saved_cs_results     = @@character_set_results */ ;
/*!50003 SET @saved_col_connection = @@collation_connection */ ;
/*!50003 SET character_set_client  = utf8mb4 */ ;
/*!50003 SET character_set_results = utf8mb4 */ ;
/*!50003 SET collation_connection  = utf8mb4_0900_ai_ci */ ;
/*!50003 SET @saved_sql_mode       = @@sql_mode */ ;
/*!50003 SET sql_mode              = 'STRICT_TRANS_TABLES,NO_ENGINE_SUBSTITUTION' */ ;
DELIMITER ;;
CREATE DEFINER=`root`@`localhost` PROCEDURE `getBookID`(IN title VARCHAR(255), author VARCHAR(255))
BEGIN
SELECT bk.bookId from tbl_book bk, tbl_book_authors ba, tbl_author au
WHERE bk.bookId = ba.bookId AND ba.authorId = au.authorId
AND bk.title = title AND au.authorName = author;
END ;;
DELIMITER ;
/*!50003 SET sql_mode              = @saved_sql_mode */ ;
/*!50003 SET character_set_client  = @saved_cs_client */ ;
/*!50003 SET character_set_results = @saved_cs_results */ ;
/*!50003 SET collation_connection  = @saved_col_connection */ ;
/*!50003 DROP PROCEDURE IF EXISTS `getBooksBranch` */;
/*!50003 SET @saved_cs_client      = @@character_set_client */ ;
/*!50003 SET @saved_cs_results     = @@character_set_results */ ;
/*!50003 SET @saved_col_connection = @@collation_connection */ ;
/*!50003 SET character_set_client  = utf8mb4 */ ;
/*!50003 SET character_set_results = utf8mb4 */ ;
/*!50003 SET collation_connection  = utf8mb4_0900_ai_ci */ ;
/*!50003 SET @saved_sql_mode       = @@sql_mode */ ;
/*!50003 SET sql_mode              = 'STRICT_TRANS_TABLES,NO_ENGINE_SUBSTITUTION' */ ;
DELIMITER ;;
CREATE DEFINER=`root`@`localhost` PROCEDURE `getBooksBranch`(IN brn INT)
BEGIN
SELECT B.title, A.authorName
FROM tbl_book B, tbl_author A, tbl_book_authors BA, tbl_book_copies C
WHERE C.branchID=brn AND C.noOfCopies>0 AND C.bookId=B.bookId AND C.bookId=BA.bookId
AND BA.authorId=A.authorId;
END ;;
DELIMITER ;
/*!50003 SET sql_mode              = @saved_sql_mode */ ;
/*!50003 SET character_set_client  = @saved_cs_client */ ;
/*!50003 SET character_set_results = @saved_cs_results */ ;
/*!50003 SET collation_connection  = @saved_col_connection */ ;
/*!50003 DROP PROCEDURE IF EXISTS `getBorrLoansFromBr` */;
/*!50003 SET @saved_cs_client      = @@character_set_client */ ;
/*!50003 SET @saved_cs_results     = @@character_set_results */ ;
/*!50003 SET @saved_col_connection = @@collation_connection */ ;
/*!50003 SET character_set_client  = utf8mb4 */ ;
/*!50003 SET character_set_results = utf8mb4 */ ;
/*!50003 SET collation_connection  = utf8mb4_0900_ai_ci */ ;
/*!50003 SET @saved_sql_mode       = @@sql_mode */ ;
/*!50003 SET sql_mode              = 'STRICT_TRANS_TABLES,NO_ENGINE_SUBSTITUTION' */ ;
DELIMITER ;;
CREATE DEFINER=`root`@`localhost` PROCEDURE `getBorrLoansFromBr`(IN cNo INT, brId INT)
BEGIN
SELECT b.title, a.authorName FROM tbl_book b, tbl_author a, tbl_book_loans bl, tbl_book_authors ba
WHERE ba.bookId = b.bookId 
AND a.authorId = ba.authorId 
AND bl.bookId = b.bookId
AND bl.cardNo = cNo 
AND bl.branchId = brId;
END ;;
DELIMITER ;
/*!50003 SET sql_mode              = @saved_sql_mode */ ;
/*!50003 SET character_set_client  = @saved_cs_client */ ;
/*!50003 SET character_set_results = @saved_cs_results */ ;
/*!50003 SET collation_connection  = @saved_col_connection */ ;
/*!50003 DROP PROCEDURE IF EXISTS `getBorrowerCardNumbers` */;
/*!50003 SET @saved_cs_client      = @@character_set_client */ ;
/*!50003 SET @saved_cs_results     = @@character_set_results */ ;
/*!50003 SET @saved_col_connection = @@collation_connection */ ;
/*!50003 SET character_set_client  = utf8mb4 */ ;
/*!50003 SET character_set_results = utf8mb4 */ ;
/*!50003 SET collation_connection  = utf8mb4_0900_ai_ci */ ;
/*!50003 SET @saved_sql_mode       = @@sql_mode */ ;
/*!50003 SET sql_mode              = 'STRICT_TRANS_TABLES,NO_ENGINE_SUBSTITUTION' */ ;
DELIMITER ;;
CREATE DEFINER=`root`@`localhost` PROCEDURE `getBorrowerCardNumbers`()
BEGIN
	SELECT cardNo FROM tbl_borrower;
END ;;
DELIMITER ;
/*!50003 SET sql_mode              = @saved_sql_mode */ ;
/*!50003 SET character_set_client  = @saved_cs_client */ ;
/*!50003 SET character_set_results = @saved_cs_results */ ;
/*!50003 SET collation_connection  = @saved_col_connection */ ;
/*!50003 DROP PROCEDURE IF EXISTS `getBranchAuthorsOnly` */;
/*!50003 SET @saved_cs_client      = @@character_set_client */ ;
/*!50003 SET @saved_cs_results     = @@character_set_results */ ;
/*!50003 SET @saved_col_connection = @@collation_connection */ ;
/*!50003 SET character_set_client  = utf8mb4 */ ;
/*!50003 SET character_set_results = utf8mb4 */ ;
/*!50003 SET collation_connection  = utf8mb4_0900_ai_ci */ ;
/*!50003 SET @saved_sql_mode       = @@sql_mode */ ;
/*!50003 SET sql_mode              = 'STRICT_TRANS_TABLES,NO_ENGINE_SUBSTITUTION' */ ;
DELIMITER ;;
CREATE DEFINER=`root`@`localhost` PROCEDURE `getBranchAuthorsOnly`(IN brn INT)
BEGIN
SELECT authorName FROM tbl_author a, tbl_book_authors BA, tbl_book_copies C
WHERE A.authorId=BA.authorId and
C.branchID=brn AND C.bookId=BA.bookId;

END ;;
DELIMITER ;
/*!50003 SET sql_mode              = @saved_sql_mode */ ;
/*!50003 SET character_set_client  = @saved_cs_client */ ;
/*!50003 SET character_set_results = @saved_cs_results */ ;
/*!50003 SET collation_connection  = @saved_col_connection */ ;
/*!50003 DROP PROCEDURE IF EXISTS `getBranchBooksBoth` */;
/*!50003 SET @saved_cs_client      = @@character_set_client */ ;
/*!50003 SET @saved_cs_results     = @@character_set_results */ ;
/*!50003 SET @saved_col_connection = @@collation_connection */ ;
/*!50003 SET character_set_client  = utf8mb4 */ ;
/*!50003 SET character_set_results = utf8mb4 */ ;
/*!50003 SET collation_connection  = utf8mb4_0900_ai_ci */ ;
/*!50003 SET @saved_sql_mode       = @@sql_mode */ ;
/*!50003 SET sql_mode              = 'STRICT_TRANS_TABLES,NO_ENGINE_SUBSTITUTION' */ ;
DELIMITER ;;
CREATE DEFINER=`root`@`localhost` PROCEDURE `getBranchBooksBoth`(IN brn INT)
BEGIN
SELECT B.title, A.authorName
FROM tbl_book B, tbl_author A, tbl_book_authors BA, tbl_book_copies C
WHERE B.bookId=BA.bookId and A.authorId=BA.authorId and
C.branchID=brn AND C.bookId=B.bookId AND C.bookId=BA.bookId;
END ;;
DELIMITER ;
/*!50003 SET sql_mode              = @saved_sql_mode */ ;
/*!50003 SET character_set_client  = @saved_cs_client */ ;
/*!50003 SET character_set_results = @saved_cs_results */ ;
/*!50003 SET collation_connection  = @saved_col_connection */ ;
/*!50003 DROP PROCEDURE IF EXISTS `getBranchBooksOnly` */;
/*!50003 SET @saved_cs_client      = @@character_set_client */ ;
/*!50003 SET @saved_cs_results     = @@character_set_results */ ;
/*!50003 SET @saved_col_connection = @@collation_connection */ ;
/*!50003 SET character_set_client  = utf8mb4 */ ;
/*!50003 SET character_set_results = utf8mb4 */ ;
/*!50003 SET collation_connection  = utf8mb4_0900_ai_ci */ ;
/*!50003 SET @saved_sql_mode       = @@sql_mode */ ;
/*!50003 SET sql_mode              = 'STRICT_TRANS_TABLES,NO_ENGINE_SUBSTITUTION' */ ;
DELIMITER ;;
CREATE DEFINER=`root`@`localhost` PROCEDURE `getBranchBooksOnly`(IN brn INT)
BEGIN
SELECT B.title
FROM tbl_book B, tbl_book_authors BA, tbl_book_copies C
WHERE B.bookId=BA.bookId and 
C.branchID=brn AND C.bookId=B.bookId AND C.bookId=BA.bookId;
END ;;
DELIMITER ;
/*!50003 SET sql_mode              = @saved_sql_mode */ ;
/*!50003 SET character_set_client  = @saved_cs_client */ ;
/*!50003 SET character_set_results = @saved_cs_results */ ;
/*!50003 SET collation_connection  = @saved_col_connection */ ;
/*!50003 DROP PROCEDURE IF EXISTS `getBranches` */;
/*!50003 SET @saved_cs_client      = @@character_set_client */ ;
/*!50003 SET @saved_cs_results     = @@character_set_results */ ;
/*!50003 SET @saved_col_connection = @@collation_connection */ ;
/*!50003 SET character_set_client  = utf8mb4 */ ;
/*!50003 SET character_set_results = utf8mb4 */ ;
/*!50003 SET collation_connection  = utf8mb4_0900_ai_ci */ ;
/*!50003 SET @saved_sql_mode       = @@sql_mode */ ;
/*!50003 SET sql_mode              = 'STRICT_TRANS_TABLES,NO_ENGINE_SUBSTITUTION' */ ;
DELIMITER ;;
CREATE DEFINER=`root`@`localhost` PROCEDURE `getBranches`()
BEGIN
SELECT branchName, branchAddress FROM tbl_library_branch;

END ;;
DELIMITER ;
/*!50003 SET sql_mode              = @saved_sql_mode */ ;
/*!50003 SET character_set_client  = @saved_cs_client */ ;
/*!50003 SET character_set_results = @saved_cs_results */ ;
/*!50003 SET collation_connection  = @saved_col_connection */ ;
/*!50003 DROP PROCEDURE IF EXISTS `getBranchId` */;
/*!50003 SET @saved_cs_client      = @@character_set_client */ ;
/*!50003 SET @saved_cs_results     = @@character_set_results */ ;
/*!50003 SET @saved_col_connection = @@collation_connection */ ;
/*!50003 SET character_set_client  = utf8mb4 */ ;
/*!50003 SET character_set_results = utf8mb4 */ ;
/*!50003 SET collation_connection  = utf8mb4_0900_ai_ci */ ;
/*!50003 SET @saved_sql_mode       = @@sql_mode */ ;
/*!50003 SET sql_mode              = 'STRICT_TRANS_TABLES,NO_ENGINE_SUBSTITUTION' */ ;
DELIMITER ;;
CREATE DEFINER=`root`@`localhost` PROCEDURE `getBranchId`(IN brName VARCHAR(255), brAddress VARCHAR(255))
BEGIN
SELECT A.branchId
FROM tbl_library_branch A
WHERE A.branchName=brName AND A.branchAddress=brAddress;
END ;;
DELIMITER ;
/*!50003 SET sql_mode              = @saved_sql_mode */ ;
/*!50003 SET character_set_client  = @saved_cs_client */ ;
/*!50003 SET character_set_results = @saved_cs_results */ ;
/*!50003 SET collation_connection  = @saved_col_connection */ ;
/*!50003 DROP PROCEDURE IF EXISTS `getNumCopies` */;
/*!50003 SET @saved_cs_client      = @@character_set_client */ ;
/*!50003 SET @saved_cs_results     = @@character_set_results */ ;
/*!50003 SET @saved_col_connection = @@collation_connection */ ;
/*!50003 SET character_set_client  = utf8mb4 */ ;
/*!50003 SET character_set_results = utf8mb4 */ ;
/*!50003 SET collation_connection  = utf8mb4_0900_ai_ci */ ;
/*!50003 SET @saved_sql_mode       = @@sql_mode */ ;
/*!50003 SET sql_mode              = 'STRICT_TRANS_TABLES,NO_ENGINE_SUBSTITUTION' */ ;
DELIMITER ;;
CREATE DEFINER=`root`@`localhost` PROCEDURE `getNumCopies`(IN brn INT, bkn INT)
BEGIN
SELECT noOfCopies FROM tbl_book_copies
WHERE branchId = brn and bookId = bkn;
END ;;
DELIMITER ;
/*!50003 SET sql_mode              = @saved_sql_mode */ ;
/*!50003 SET character_set_client  = @saved_cs_client */ ;
/*!50003 SET character_set_results = @saved_cs_results */ ;
/*!50003 SET collation_connection  = @saved_col_connection */ ;
/*!50003 DROP PROCEDURE IF EXISTS `overrideDueDate` */;
/*!50003 SET @saved_cs_client      = @@character_set_client */ ;
/*!50003 SET @saved_cs_results     = @@character_set_results */ ;
/*!50003 SET @saved_col_connection = @@collation_connection */ ;
/*!50003 SET character_set_client  = utf8mb4 */ ;
/*!50003 SET character_set_results = utf8mb4 */ ;
/*!50003 SET collation_connection  = utf8mb4_0900_ai_ci */ ;
/*!50003 SET @saved_sql_mode       = @@sql_mode */ ;
/*!50003 SET sql_mode              = 'STRICT_TRANS_TABLES,NO_ENGINE_SUBSTITUTION' */ ;
DELIMITER ;;
CREATE DEFINER=`root`@`localhost` PROCEDURE `overrideDueDate`(IN bId INT, brId INT, cNo INT, due VARCHAR(255))
BEGIN
DECLARE BookID INT default 0;
SELECT MIN(loanId) INTO BookID FROM tbl_book_loans bl WHERE bl.cardNo = cNo AND bl.bookId = bId AND bl.branchId = brId;
UPDATE tbl_book_loans bl
SET bl.dueDate = due
WHERE bl.loanId = BookID;
END ;;
DELIMITER ;
/*!50003 SET sql_mode              = @saved_sql_mode */ ;
/*!50003 SET character_set_client  = @saved_cs_client */ ;
/*!50003 SET character_set_results = @saved_cs_results */ ;
/*!50003 SET collation_connection  = @saved_col_connection */ ;
/*!50003 DROP PROCEDURE IF EXISTS `returnBook` */;
/*!50003 SET @saved_cs_client      = @@character_set_client */ ;
/*!50003 SET @saved_cs_results     = @@character_set_results */ ;
/*!50003 SET @saved_col_connection = @@collation_connection */ ;
/*!50003 SET character_set_client  = utf8mb4 */ ;
/*!50003 SET character_set_results = utf8mb4 */ ;
/*!50003 SET collation_connection  = utf8mb4_0900_ai_ci */ ;
/*!50003 SET @saved_sql_mode       = @@sql_mode */ ;
/*!50003 SET sql_mode              = 'STRICT_TRANS_TABLES,NO_ENGINE_SUBSTITUTION' */ ;
DELIMITER ;;
CREATE DEFINER=`root`@`localhost` PROCEDURE `returnBook`(IN bId INT, brId INT, cNo INT)
BEGIN
DELETE FROM tbl_book_loans bl
WHERE bl.bookId = bId AND bl.branchId = brId AND bl.cardNo = cNo;
UPDATE tbl_book_copies bc
SET bc.noOfCopies = bc.noOfCopies + 1 
WHERE bc.bookId = bId AND bc.branchId = brId;
END ;;
DELIMITER ;
/*!50003 SET sql_mode              = @saved_sql_mode */ ;
/*!50003 SET character_set_client  = @saved_cs_client */ ;
/*!50003 SET character_set_results = @saved_cs_results */ ;
/*!50003 SET collation_connection  = @saved_col_connection */ ;
/*!50003 DROP PROCEDURE IF EXISTS `updateBranch` */;
/*!50003 SET @saved_cs_client      = @@character_set_client */ ;
/*!50003 SET @saved_cs_results     = @@character_set_results */ ;
/*!50003 SET @saved_col_connection = @@collation_connection */ ;
/*!50003 SET character_set_client  = utf8mb4 */ ;
/*!50003 SET character_set_results = utf8mb4 */ ;
/*!50003 SET collation_connection  = utf8mb4_0900_ai_ci */ ;
/*!50003 SET @saved_sql_mode       = @@sql_mode */ ;
/*!50003 SET sql_mode              = 'STRICT_TRANS_TABLES,NO_ENGINE_SUBSTITUTION' */ ;
DELIMITER ;;
CREATE DEFINER=`root`@`localhost` PROCEDURE `updateBranch`(IN bName VARCHAR(255), address VARCHAR(255), nId INT)
BEGIN
UPDATE tbl_library_branch
SET branchName = bName
WHERE branchId = nId;
UPDATE tbl_library_branch
SET branchAddress = address
WHERE branchId = nId;
END ;;
DELIMITER ;
/*!50003 SET sql_mode              = @saved_sql_mode */ ;
/*!50003 SET character_set_client  = @saved_cs_client */ ;
/*!50003 SET character_set_results = @saved_cs_results */ ;
/*!50003 SET collation_connection  = @saved_col_connection */ ;
/*!50003 DROP PROCEDURE IF EXISTS `updateNumCopies` */;
/*!50003 SET @saved_cs_client      = @@character_set_client */ ;
/*!50003 SET @saved_cs_results     = @@character_set_results */ ;
/*!50003 SET @saved_col_connection = @@collation_connection */ ;
/*!50003 SET character_set_client  = utf8mb4 */ ;
/*!50003 SET character_set_results = utf8mb4 */ ;
/*!50003 SET collation_connection  = utf8mb4_0900_ai_ci */ ;
/*!50003 SET @saved_sql_mode       = @@sql_mode */ ;
/*!50003 SET sql_mode              = 'STRICT_TRANS_TABLES,NO_ENGINE_SUBSTITUTION' */ ;
DELIMITER ;;
CREATE DEFINER=`root`@`localhost` PROCEDURE `updateNumCopies`(IN bId INT, brId INT, copies INT)
BEGIN
UPDATE tbl_book_copies bc
SET noOfCopies = copies
WHERE bc.branchId = brId
AND bc.bookId = bId;
END ;;
DELIMITER ;
/*!50003 SET sql_mode              = @saved_sql_mode */ ;
/*!50003 SET character_set_client  = @saved_cs_client */ ;
/*!50003 SET character_set_results = @saved_cs_results */ ;
/*!50003 SET collation_connection  = @saved_col_connection */ ;
/*!40103 SET TIME_ZONE=@OLD_TIME_ZONE */;

/*!40101 SET SQL_MODE=@OLD_SQL_MODE */;
/*!40014 SET FOREIGN_KEY_CHECKS=@OLD_FOREIGN_KEY_CHECKS */;
/*!40014 SET UNIQUE_CHECKS=@OLD_UNIQUE_CHECKS */;
/*!40101 SET CHARACTER_SET_CLIENT=@OLD_CHARACTER_SET_CLIENT */;
/*!40101 SET CHARACTER_SET_RESULTS=@OLD_CHARACTER_SET_RESULTS */;
/*!40101 SET COLLATION_CONNECTION=@OLD_COLLATION_CONNECTION */;
/*!40111 SET SQL_NOTES=@OLD_SQL_NOTES */;

-- Dump completed on 2019-12-23 14:42:16
